socks4://77.225.198.220:4673,ES,Unknown
http://195.114.209.50:443,ES,Unknown
http://90.174.128.42:3128,ES,Unknown
http://80.78.128.94:8080,ES,Unknown
http://185.238.228.7:80,ES,
http://185.238.228.160:80,ES,
http://185.238.228.98:80,ES,
http://185.238.228.72:80,ES,
http://185.238.228.234:80,ES,
http://185.238.228.237:80,ES,
http://185.238.228.100:80,ES,
http://185.238.228.233:80,ES,
http://185.238.228.46:80,ES,
http://185.238.228.218:80,ES,
http://185.238.228.189:80,ES,
http://185.238.228.111:80,ES,
socks4://82.223.165.28:18356,ES,