socks5://36.255.98.163:4030,LT,Unknown
socks5://62.60.131.185:4766,LT,Unknown
socks5://36.255.98.153:4262,LT,Unknown
socks5://62.60.131.179:4132,LT,Unknown
socks5://36.255.98.154:4305,LT,Unknown
socks5://36.255.98.184:4947,LT,Unknown
socks5://36.255.98.182:4017,LT,Unknown
socks5://36.255.98.165:4008,LT,Unknown
socks5://62.60.131.185:5167,LT,Unknown
socks5://62.60.131.203:4225,LT,Unknown
socks5://62.60.131.185:5019,LT,Unknown
socks5://36.255.98.175:11878,LT,Unknown
socks5://62.60.131.185:4066,LT,Unknown
socks5://62.60.131.180:4938,LT,Unknown
socks5://62.60.131.179:4214,LT,Unknown
socks5://62.60.131.180:4363,LT,Unknown
socks5://62.60.131.182:6250,LT,Unknown