socks5://5.255.117.250:1080,NL,Dronten
http://45.131.4.191:80,NL,
http://45.131.208.161:80,NL,
http://45.131.7.231:80,NL,
http://45.131.5.235:80,NL,
http://45.131.6.118:80,NL,
http://45.131.7.104:80,NL,
http://45.131.6.245:80,NL,
http://45.131.4.48:80,NL,
http://45.131.4.239:80,NL,
http://45.131.208.19:80,NL,
http://45.131.4.232:80,NL,
http://45.131.208.106:80,NL,
http://45.131.6.142:80,NL,
http://45.131.5.243:80,NL,
http://45.131.7.144:80,NL,
http://45.131.5.91:80,NL,
http://45.131.5.209:80,NL,
http://45.131.4.79:80,NL,
http://45.131.5.214:80,NL,
http://45.131.5.233:80,NL,
http://45.131.6.163:80,NL,
http://45.131.4.248:80,NL,
http://45.131.6.165:80,NL,
http://45.131.4.110:80,NL,
http://45.131.5.128:80,NL,
http://45.131.6.120:80,NL,
http://45.131.6.255:80,NL,
http://45.131.5.84:80,NL,
http://45.131.5.101:80,NL,
http://188.114.98.160:80,NL,Amsterdam
http://45.131.4.30:80,NL,
http://45.131.5.54:80,NL,
http://45.131.4.173:80,NL,